dataset,doc_index,topic,quality,correctly_cleaned,private,harmful,num_chars,num_sentences,text_preview
fineweb,0,forum post,3,partial,no,no,414,8,"|Viewing Single Post From: Spoilers for the Week of February 11th| |Lil||Feb 1 2013, 09:58 AM| Don't care about Chloe/Taniel/Jen-Jen. Don't care about Sami, really, but hoping that we get some good ""SAMANTHA GENE!!"" Marlena Death-Stares out of it. And ""newfound"" feelings. Please. If only. STEFANO!! "
fineweb,1,blog post,5,partial,no,no,3018,41,"*sigh* Fundamentalist community, let me pass on some advice to you I learned from the atheistic community: If you have set yourself on fire, do not run. Okay? Okay?? Please? Look, D, you had two months to say to Harvard in private emails, ""Im sorry, I shouldnt have been using that animation in my pa"
fineweb,2,news article,4,partial,no,no,2825,26,A novel two-step immunotherapy approach has shown clinically beneficial responses in patients with advanced ovarian cancer. Following Lifestyle Recommendations Reduces Risk of Cancer Death People who follow the diet and lifestyle recommendations laid out by the WCRF and the AICR have a 20 percent re
fineweb,3,blog post,6,yes,no,no,2467,25,"Free the Cans! Working Together to Reduce Waste In a blog about how people share, it’s worth the occasional reference to the bizarre ways that people DON’T SHARE. Is it safe to say we live in a society that places great value on independence, private property, personal space, and privacy? Even somet"
fineweb,4,news article,6,yes,no,no,3303,17,"ORLANDO, Fla. — While the Rapid Recall Exchange, the 2-year-old industry recall portal, has signed up more than 600 manufacturer and retailer subscribers, it still lacks the “critical mass” of suppliers that would make it a primary source of recall information, according to trade association officia"
fineweb,5,news article,5,partial,no,no,2744,19,"September 28, 2010 2010 Season - Bowman pulls down CCIW honor |Matt Bowman was named CCIW ""Runner of the Week"" after his fourth place finish at the Brissman-Lundeen Invitational in Rock Island, Illinois on September 24.| Augustana senior Matt Bowman (Geneva HS, Elburn, Ill.) was selected as the “Run"
fineweb,6,news article,7,yes,no,no,1544,11,"Kraft Foods has taken the Cadbury chocolate brand in a new direction, by combining it with cheese for the first time. The company is bringing together two of its brands and launching Philadelphia with Cadbury, a chilled chocolate spread made from Philadelphia Light and Cadbury chocolate. Kraft belie"
fineweb,7,error/stub,1,no,no,no,417,4,"You must be a registered member to view this page.| If you are already a member, sign in now. To register for your own account, sign up now. Signing up will REMOVE MOST OF THE ANNOYING ADS from your screen. CLICK HERE TO CREATE YOUR ACCOUNT - Get advice - Make friends - Share your expertise - Post i"
fineweb,8,news article,5,partial,no,no,3539,15,"|Facility Type:||Full Service Restaurant| |Inspection date:||March 27, 2012| |Number of critical violations:||3| |Number of non-critical violations:||3| Definition of critical and non critical violations |Code||Observation / Corrective Action| |2-201.11(A)(1)-(5)|| Critical Repeat Upon discussion wi"
fineweb,9,blog post,6,yes,no,no,1764,19,"News of the Week Barrie Spring Studio Tour April 27th & 28th 10:00 til 4:00 pm Come on down to Jill Price Studios this weekend to check out works I have created over the last year, as well as find some neat works from my artistic past in tje awesome sales bins created just for this weekend. You will"
fineweb,10,blog post,5,partial,no,no,1307,9,"Category Archives: 2010 – 2011 TO: The University Community RE: Budget Challenges for 2011-2012 and the 2011 Regular Legislative Session Weeks ago, the Jindal administration sought to lessen state-wide tensions over the future funding of postsecondary education by announcing that any budget cut for "
fineweb,11,blog post,4,partial,no,no,476,6,"The Net Neutrality repeal vote is coming. Tell these Dems to vote Yes. The House of Representatives is likely to vote tomorrow, Thursday, on the repeal of the FCC’s Net Neutrality power grab. Using the Congressional Review Act, the repeal of the Net Neutrality order can be accomplished in an expedit"
fineweb,12,error/stub,1,no,no,no,414,4,"Game Index | Deeper into the DarklandsYour Next Campaign picks up the action at Act II, in Beneath a Granite Sky, Part II. [ Read FAQ | Subscribe to RSS | Partner Sites | Contact Us | Advertise with Us ] Copyright © 1996-2009 Skotos Tech, Inc. & individual authors, All Rights Reserved Compilation co"
fineweb,13,product review,2,no,no,no,321,5,Great decorating addition I have a grape/Italian theme in my kitchen. I purchased 5 of these. I decided to use them to put around my pull knobs on my overhead cabinets. Now I am ordering more to sprinkle around in other places in the kitchen - even to hang up via suction cups on my white kitchen til
fineweb,14,product page,3,partial,no,no,830,13,"Bible-black with a blinding white logo raging across the chest. It’s the time honoured Black Band Tee. Every band has one. If you’re in a band and you ain’t got a Black Band Tee then you ain’t even in a band, you’re in a sham! And if you’re a fan of a band and you don’t own the Black Band Tee then w"
fineweb,15,product page,4,yes,no,no,931,7,"No matter what you do, it just won’t stop — and you like it. It’s not your mom’s relentless text messages (unfailingly signed “Love, Mom”), the chocolates your boyfriend sends to your cubicle daily (you wish), or even that stupid overplayed commercial (which happens to be hilarious). It’s the exhila"
fineweb,16,news article,6,yes,no,no,2804,20,Michigan unemployment claims workers are losing their jobs. NEW YORK (CNNMoney) -- Many jobless claims workers in the state of Michigan will soon be filing for unemployment themselves. About 400 state workers who process unemployment claims are losing their jobs thanks to Michigan's improving econom
fineweb,17,news article,4,partial,no,no,4977,32,"A week ago, talk about Nebraska's running game centered on its stable of talented running backs. Now, you have to throw the quarterback into the mix as well. After redshirt freshman Taylor Martinez gashed Western Kentucky for 127 yards and three touchdowns on just seven carries last Saturday, the Hu"
fineweb,18,news article,7,yes,no,no,7313,44,"Amazon.com (AMZN) will have a difficult time meeting analyst expectations this quarter given its several significant headwinds. The two most prominent headwinds relate to revenue, namely the imposition of state sales taxes on Amazon e-commerce revenue and the large increase in federal taxes impactin"
fineweb,19,blog post,7,yes,no,no,424,4,Tips for Preventing Medicare Fraud The Department of Health and Human Services (HHS) Office of the Inspector General (OIG) has created a new web site to provide tips for preventing Medicare fraud and medical identity theft. See HHS news release. OIG’s new web site includes a brochure containing tips
fineweb,20,news article,6,yes,no,no,707,6,"Polish-born Chicago boxer Andrew Golota will plead not guilty at a court date July 19 to charges of unlawful possession of 12 guns, his lawyer said Friday. ""There are two sides to every story, and we look forward to a full exploration of the most recent allegations against Andrew,"" Matthew P. Walsh "
fineweb,21,forum post,5,yes,no,no,1290,13,"I’ve a new release of NYTProf ready to upload but I’m stuck. The CPAN Testers service is reporting a failure on a number of systems but I can’t reproduce it locally or work out the cause. Can you reproduce the failure with Devel::NYTProf 2.07_94? If so, could you give me remote access via ssh? (Or s"
fineweb,22,product page,6,yes,no,no,2530,18,"Reprinted from the renowned Bach-Gesellschaft edition, this work features the complete Sonatas and Partitas for Unaccompanied Violin and the six Sonatas for Violin and Clavier. The music has been reproduced in a size large enough to read easily, with large noteheads, wide margins for notes, and lay-"
fineweb,23,news article,5,partial,no,no,3001,15,"Information contained on this page is provided by companies via press release distributed through PR Newswire, an independent third-party content provider. PR Newswire, WorldNow and this Station make no warranties or representations in connection therewith. SOURCE Urban School Food Alliance (USFA) U"
fineweb,24,news article,5,yes,no,no,770,5,"Mastodon Two India shows cancelled Two India shows cancelled Due to circumstances out of the bands control, Mastodon's appearance in India this month has been canceled; Percept Live, the organizer of FLY Music Festival, India’s first ever mutli-genre music events announced that the festival stands c"
fineweb,25,forum post,3,partial,no,no,330,4,"Chat Box Chicks ~ Welcoming the New Year! View Single Post 02-10-2013, 03:02 PM Join Date: Sep 2006 Does anyone have the long rectangle nesties? They're on my wish list but I'm wondering if I'd really make use out of them. View Public Profile Send a private message to laurlynn Visit laurlynn's Galle"
fineweb,26,news article,6,yes,no,no,1662,35,"Tallahassee, FL (Sports Network) - An appearance in the 2013 MEAC-SWAC Challenge, a trip to Ohio State and five home games highlight the Florida A&M football schedule announced on Thursday. The Rattlers, who have a new head coach in Earl Holmes, will play 12 games, including five at home for the fir"
fineweb,27,blog post,4,partial,no,no,957,18,"- TV & Video - Renovation & Decorating - How To - Be Healthy - home beautiful You can also make one large shakshuka to share. Just spoon the sauce into a large ovenproof ceramic dish. Crack eggs into the dish, spaced evenly apart, then cook following the same recipe. 1. Preheat oven to 180°C. Put si"
fineweb,28,news article,6,yes,no,no,2796,19,"Oklahoma Deer Hunters Hit Record Harvest Oklahoma deer hunters have already achieved a record harvest for the state in 2006 — 104,000 and counting — but their opportunities to take deer are far from being over. The state's special antlerless deer season is just around the corner. Scheduled for Dec. "
fineweb,29,blog post,7,yes,no,no,1442,10,"The Department of Dentistry at Boston Children's Hospital is located on the fourth floor of the Hunnewell Building. Our modern facility, which includes 10 treatment areas, is designed to accommodate our patients' needs in all specialties of dentistry. In addition to standard dental radiology capabil"
fineweb,30,forum post,2,no,no,no,574,6,"09-01-2012, 12:04 PM Join Date: Feb 2012 You're toooo funny!! We call Addison ""our special needs"" dog as she is the same way, takes 2 minutes to process what we are saying, and then sometimes she forgets and is distracted by the leaf that just fell from the tree, we love her so much for it!!! I just"
finepdfs,0,legal/government,1,partial,no,no,1425,41,"SSMU LEGISLATIVE COUNCIL AGENDA  FEBRUARY 23, 2017  1. Call to Order 2. Land Acknowledgement 3. Attendance 4. Approval of the Minutes 5. Guest Speakers a. McGill Peer Support Centre 6. Adoption of the Agenda 7. Question Period (5) 8. Report of the Steering Committee (2) 9. Announcements (5) 10. Old "
finepdfs,1,technical documentation,3,partial,no,no,10249,71,"DISPLAY SCREEN WITH GRAPHICAL USER INTERFACE  Applicant: InvisAlert Solutions, LLC, Ivyland, PA (US)  Inventors: Michele Marcolongo, Aston, PA (US); Regina Widdows, Ivyland, PA (US)  Assignee: InvisAlert Solutions, LLC, Ivyland, PA (US)  Term: 15 Years  Appl. No.: 29/550,882  Filed: Jan. 7, 2016  LO"
finepdfs,2,legal/government,3,partial,no,no,15377,88,"The Administrator has been pleased to assent, in terms of section 27 of the South West Africa Constitution Act, 1968 (Act 39 of 1968) to the following Ordinance which is hereby published for general information in terms of section 29 of the said Act:  No. 127] [30 May 1975  ORDINANCE, 1975: PROMULGA"
finepdfs,3,technical documentation,3,partial,no,no,5985,6,"The information contained in this Adobe Acrobat pdf file is provided at your own risk and good judgment.  These manuals are designed to facilitate the exchange of information related to cinema projection and film handling, with no warranties nor obligations from the authors, for qualified field serv"
finepdfs,4,academic/scientific,3,partial,no,no,6231,89,"1912  1913  1914  1915  1916  1917  Rowing Cricket  Rugby  Shooting  Athletics  Tennis  Basketball  Cross Country Football Swimming Water PoloVolleyball  | R.H.Bode | G.P. Barbour |  |  |  | |---|---|---|---|---| | G.H. Devonshire | "" |  |  |  | | "" | "" |  |  | G.P. Barbour | | "" | "" | W.S. Corr |  "
finepdfs,5,legal/government,6,yes,no,no,5790,48,"Benvolgudes/Benvolguts,  Desitjo que hagueu tingut un bon descans nadalenc, amb salut, lluny de la variant omicron, i que l'entrada d'any 2022 hagi estat tan bona com segur ho serà el que vindrà després.  Si recordeu, vam marxar de vacances de nadal amb la següent situació:  * La programació dels ex"
finepdfs,6,legal/government,5,yes,no,no,2556,11,آلية تقديم الشكاوى الخارجية  في حال وا جه المورد مشكلة ورغب في تقديم شكوى تتعلق بتطبيق سياسات وإجراءات المشتريات فعليه:  1. تقديم شكوى خطية ( رسالة رسمية- نموذج متا ح على بوابة الشراء اإللكتروني–إ ) رسال  بريد إلكتروني إلى مكتب نائب مدير الجامعة للشؤون المالية واإلدارية ونسخة إلى إدارة المناقصات وال
finepdfs,7,legal/government,6,yes,no,no,3481,22,"  HackConf е технологична и мотивационна конфернеция, органзирана от HackBulgaria. Основна цел на конференцията е да подкрепя развитието на софтуерните инженери, програмисти и ИТ сепциалисти, помагайки им да стават по-добри в тяхната работа.  Не се толерира тормоз над участниците в събитието във вся"
finepdfs,8,product page,5,yes,no,no,462,4,"New  MARMOPACO  Color Sense®  Color Sense®  Tradition is re-invented!  The lime putty, with classic marmorino effect, transformed, and renewed under new style: the new materials of the Arthe line, between the simplicity of the opaque and the timeless elegance of pearlescence.  MARMOPACO  The innovat"
finepdfs,9,technical documentation,6,yes,no,no,42969,421,"CROWN® Ceramic Hob Instruction Manual / Installation Manual Упътване за употреба на керамичен плот  MODEL: CROWN VCP 32D Модел: VCP 32D  Предупреждения за безопасност  Вашата безопасност е важна за нас. Моля, прочетете тази информация, преди да използвате плота.  ✓ Уредът не трябва да се използва от"
finepdfs,10,technical documentation,6,yes,no,no,303493,756,Ruud Ultra Series™ Two-Stage Air Conditioners equipped with the Comfort Control² System™  UASL- JEC Series Efficiencies up to 18 SEER/14 EER Nominal Sizes 2 to 5 Ton [7.03 to 17.6 kW] Cooling Capacities 25.8 to 57.2 [7.56 to 16.76 kW]  Industry’s lowest profile design: 33” maximum height The Comfort
finepdfs,11,legal/government,2,partial,no,no,440,17,"The ornamental design for a bottle, as shown and described.  DESCRIPTION  FIG. 1 is a perspective view of the bottle showing the present design; FIG. 2 is a left sideview thereof; FIG. 3 is a front view thereof; FIG. 4 is a rear view thereof; FIG. 5 is a right side view thereof; FIG. 6 is a top plan"
finepdfs,12,academic/scientific,4,partial,yes,no,5151,2,"## 888 Leagues  **Sunday, September 24**  **Group 17**  **Tables 33, 34**  | Rating | Name          | Wu, Sophie | Wang, Meiqi | Tiwari, Siya | Sun, Cameron | Yang, Olivia | Gluzov, Denys | W/L | Pt | |--------|---------------|------------|-------------|--------------|--------------|--------------|-"
finepdfs,13,legal/government,2,no,no,no,1397,7,TERRORISM RISK INSURANCE PROGRAM SCHEDULE C  BORDEREAU  Field #: 1 2 3 4 5 6 7 8 9 10 11 12 13 14 CAT CODE LOB CODE LOC OF LOSS/ DOL - DATE OF LOSS INSURER NUMBER INSURER NAME CLAIM # INSURED NAME INSURED TIN EFF DT EXP DT WC NUMBER PRIOR STATE CD (MM/DD/YYYY) (MM/DD/YYYY)(MM/DD/YYYY)INDICATOR OF WC
finepdfs,14,legal/government,4,partial,no,no,4961,6,LIST OF ELIGIBLE CANDIDATES FOR DRAW OF LOTS FOR NUR(2022-2023) ON 22.01.2022 AT 09:00AM  Draw of lots will be taking place virtually (Online) on 22.01.2022 at 09:00am.  The YouTube link for the same will be shared on school website https://www.carmelconvent.org Only 50 parents i.e. Form numbers 1 t
finepdfs,15,news article,5,partial,no,no,1818,22,SPL Season Two 7th Match Kutch Warriors vs Zalawad Royals  7 th June 2022  Kutch Warriors XI  Samarth Vyas  Vandit Jivrajani  Saurashtra Cricket Association's Parimatch News SPL T20 Tournament Season Two being played.  SPL Season 2 match between Kutch Warriors vs Zalawad Royals  played at Saurashtra
finepdfs,16,legal/government,5,yes,no,no,19787,5,"Shanghai‐Hong Kong Stock Connect List of Eligible Stocks for Northbound Trading (for reference only)  (as of 10 April 2014)  For reference only, the list of eligible stocks will be updated upon launch of Shanghai‐Hong Kong Stock Connect (Excluding SSE‐listed A Shares which are under ""risk alert"").  "
finepdfs,17,academic/scientific,5,yes,no,no,26508,203,"РЕЦЕНЗИЯ  от проф. д-р Димитър Петков Сиврев, дм – Катедра по анатомия при Медицински факултет на Тракийски университет, гр. Стара Загора, за оценяване на кандидатите по конкурс за заемане на академичната длъжност “професор” по “Патологоанатомия и цитопатология”, в област на висшето образование 7. З"
finepdfs,18,legal/government,5,yes,no,no,4405,25,विषय: दि.01/01/2016 रोजी ची प्राध्यापक (पशुविज्ञान विद्या शाखा) या संबंधाची अंतिम ज्येष्ठतासूची प्रसिद्ध करणे बाबत...  उपरोक्त विषयाचे अनुरोधाने प्राध्यापक (पशुविज्ञान विद्या शाखा) या संबंधाची दिनांक 01/01/2016 रोजीची अंतिम ज्येष्ठतासूची तयार करण्यात आली असून प्रसिद्ध करण्यात येत आहे. सदरील ज्येष्ठत
finepdfs,19,technical documentation,6,yes,no,no,4085,10,በእርግዝና ወቅት የሚታዩ የችግር ጠቋሚ ምልክቶች  መቼ መደወል እንዳለብዎት  ከዚህ በታች የተጠቀሱትን የችግር ጠቋሚ ምልክቶችን ከተመለከቱ ወዲያዉኑ ወደ ጤና እንክብካቤ አገልግሎት ሰጭዎ ይደውሉ። ችግሮችን አስቀድሞ አውቆ ለችግሮቹ መፍትሔ ማግኘት፣ በእርስዎና በህጻን ልጅዎ ላይ ሊደርስ የሚችለውን ችግር ዘውትር ይቀንሳል።  ሰውነትዎ የሚነግርዎ ጠቋሚ ምልክቶች  *• ከብልትዎ ደም ሲፈስ ወይም ሲንጠባጠብ *• ከብልትዎ ውሃ መፍሰስ ወይም መንጠባጠብ ሲጀምር *• ከ 37 ሳምን
finepdfs,20,legal/government,2,partial,yes,no,553,5,LIST OF CANDIDATES SUCCESSFULLY COMPLETED THE  COMPETENCY BASED EVALUATION HELD IN JUNE 2016.  | Sl No. | ROLL NO | |---|---| | 1 | 1651 | | 2 | 1652 | | 3 | 1653 | | 4 | 1655 | | 5 | 1656 | | 6 | 1657 | | 7 | 1658 | | 8 | 1659 | | 9 | 1660 | | 10 | 1661 | | 11 | 1662 | | 12 | 1663 | | 13 | 1664 | |
finepdfs,21,academic/scientific,4,partial,yes,no,223520,5,"  | to | tČí | Jméno          | Čas     | |----|-----|----------------|---------| |    |     |                | 1,8 km  | 60 m   | 6 K   | (pokrač.) | |    |     |                | 1(31)   | 2(57)  | 3(58) | 4(59)   | 5(45)   | 6(100)  | C      | | 22 | 826 | Bartošová Marie| 63:13   | 2:45   | +1:0"
finepdfs,22,blog post,4,yes,yes,yes,15476,123,"Issue:  January 2023  † Message form Father Kostandin  Vellezer dhe Motra ne Krisht,  Dua te perfitoj nga rasti te falenderoj te gjithe ata qe punojne me devotshmeri dhe perkushtim per Kishen tone; anetaret e keshillit te Kishes, Ladies Auxiliary, te gjitha ministrite e kishes si dhe te gjithe indiv"
finepdfs,23,legal/government,5,partial,no,no,321228,3601,"No. 125 (Administrator's), 1980.  PROCLAMATION  Whereas power is vested in me by section 2 of the Removal of Restrictions Act, 1967 (Act 84 of 1967), to alter, suspend or remove a restriction or obligation referred to in that section;  Now therefore, I do hereby;  1. In respect of Erven 1250 and 125"
finepdfs,24,legal/government,4,partial,yes,no,8274,14,COAST GUARD HEADQUARTERS DIRECTORATE OF RECRUITMENT  CALL LETTERS FOR FINAL MEDICAL EXAMINATION FOR ENROLMENT IN INDIAN COAST GUARD FOR THE POST OF NAVIK (GD) – 02/2017 BATCH  1. THE CALL LETTERS FOR FINAL MEDICAL EXAMINATION OF FOLLOWING PROVISIONALLY SELECTED CANDIDATES  FOR NAVIK(GD) 02/2017 BATC
finepdfs,25,academic/scientific,6,yes,no,no,447889,122,Appendix A7.1 Detailed Modelling Results  ## Contents  **Appendix A7.1: Detailed Modelling Results** ................................................................. 1  1.1 ‘Existing Baseline’ Scenario .................................................................................. 1  1.2 Constru
finepdfs,26,legal/government,5,yes,yes,no,150856,627,NORTH WEST NOORDWES  PROVINCIAL GAZETTE PROVINSIALE KOERANT  Vol. 261 MAHIKENG 13 NOVEMBER 2018 No. 7954  ## IMPORTANT NOTICE:  **THE GOVERNMENT PRINTING WORKS WILL NOT BE HELD RESPONSIBLE FOR ANY ERRORS THAT MIGHT OCCUR DUE TO THE SUBMISSION OF INCOMPLETE / INCORRECT / ILLEGIBLE COPY. NO FUTURE QUE
finepdfs,27,blog post,4,yes,yes,yes,7035,11,二Ｏ一八年十一月  November 2018  Issue 59 期  稜聲音樂 Prism Music  透過光線、散發異彩。  源自三藩市，成立於2006年，稜聲音 樂(Prism Music)透過創作貼近大眾口味的音 樂，讓基督的真理在地上繼續「流行」。  Prism曾經推出兩張唱片集專輯和一本 作品，為人熟悉的有「鹽與光」、「Party Every Week」等歌曲，深受教友喜愛。2014 年，Prism其中的創始成員受邀請到北京參加 中港台音樂交流，從而結識了多位志同道合 的香港年青教友。回港後，他們隨即加入 Prism，讓Prism在香港正式扎根。同年，創 作歌曲「流動」更榮獲真
finepdfs,28,academic/scientific,7,yes,no,no,62397,212,Abu Dhabi Aviation  Review report and interim financial information for the period ended 31 March 2011  # ABU DHABI AVIATION  **Review report and interim financial information for the period ended 31 March 2011**  | Section                                                                 | Pages | |-
finepdfs,29,legal/government,2,partial,no,no,1970,2,SUMMARY OF ALL FUNDS  01  02  03  06  01  02  03  06  18%  16%  119%  9%  19%  14%  18%  8%  9%  15%  RECONCILIATION TO CASH  0.00 (404.46)  0.00  LIABILITIES AND ADJUSTMENTS TO TREASURER'S REPORT  LIABILITIES =  400.00  $  Deposits collected  (200.00)  $  Deposits <applied/refunded>  -  $  Mayors B
finepdfs,30,news article,4,partial,no,no,4168,16,"Continental Automated Buildings Association  Your Information Source for Home & Building Automation  North America's Home & Building Automation Association  1173 Cyrville Road, Suite 210 Ottawa, ON  K1J 7S6  Tel: 1. 613.686.1814  Fax: 1.613.744.7833  US/Canada: 1.888.798.CABA  Web: www.caba.org  E-m"
c4,0,blog post,6,yes,no,no,747,8,"Beginners BBQ Class Taking Place in Missoula! Do you want to get better at making delicious BBQ? You will have the opportunity, put this on your calendar now. Thursday, September 22nd join World Class BBQ Champion, Tony Balay from Lonestar Smoke Rangers. He will be teaching a beginner level class fo"
c4,1,forum post,5,yes,no,no,1628,14,"Discussion in 'Mac OS X Lion (10.7)' started by axboi87, Jan 20, 2012. I've got a 500gb internal drive and a 240gb SSD. When trying to restore using disk utility i'm given the error ""Not enough space on disk ____ to restore"" But I shouldn't have to do that!!! Any ideas or workarounds before resortin"
c4,2,product page,3,yes,no,no,183,5,Foil plaid lycra and spandex shortall with metallic slinky insets. Attached metallic elastic belt with O-ring. Headband included. Great hip hop or jazz dance costume. Made in the USA.
c4,3,forum post,4,partial,no,no,957,12,"How many backlinks per day for new site? Discussion in 'Black Hat SEO' started by Omoplata, Dec 3, 2010. 1) for a newly created site, what's the max # backlinks per day I should do to be safe? 2) how long do I have to let my site age before I can start making more blinks? I did about 6000 forum prof"
c4,4,news article,6,yes,no,no,1013,9,"The Denver Board of Education opened the 2017-18 school year with an update on projects that include new construction, upgrades, heat mitigation and quality learning environments. We are excited that Denver students will be the beneficiaries of a four year, $572 million General Obligation Bond. Sinc"
c4,5,technical documentation,3,partial,no,no,375,4,"BANGALORE CY JUNCTION SBC to GONDIA JUNCTION G train timings, routes, stops, and complete info. As of now, 1 trains run between from BANGALORE CY JUNCTION (YPR) to GONDIA JUNCTION (G). The fastest train from BANGALORE CY JUNCTION (YPR) to GONDIA JUNCTION (G) is YPR KRBA WAINGANGA EXP (12251) that de"
c4,6,forum post,4,partial,no,no,213,3,"I thought I was going to finish the 3rd season of the Wire tonight. But there was a commentary on episode 11, so I had to re-watch Middle Ground with the commentary. Hopefully I can finish the season next weekend."
c4,7,blog post,3,yes,no,no,574,13,The rich get richer and the poor get poorer eh? Or is it the rich think different and play by a different set of rules? Do the rich take responsibility and action? Poor people believe 'Life happens to me.' Rich people are committed to be rich. Poor people WANT to be rich. Rich people think big. Poor
c4,8,product page,4,yes,no,no,572,5,"Biomedics 1 Day Extra are daily replacement disposable contact lenses by CooperVision Hydron. Buy one box of 90 lenses. Biomedics 1 Day Extra contacts give you all the convenience of a daily disposable lens with no need for solutions, cases or cleaning and are perfect for the occasional wear. These "
c4,9,news article,7,yes,no,no,2116,21,"Sysco Corp. has terminated its planned $3.5 billion takeover of US Foods, it announced Monday, after a federal judge blocked the combination. The company is opting instead to add $3 billion to its stock-buyback program. With the deal breaking up, Sysco will pay a $300 million termination fee to US F"
c4,10,error/stub,1,no,no,no,260,8,"Pencarian FILM Untuk ""Peace Breaker 2017"" yuk mampir ke channel say.. Edges East provides the l.. A corrupt cop makes one w.. Peace Breaker 2017 ~ 破�.. Náo Loạn - Peace Break.. Please subscribe and hit .. uploaded in HD at http://.. I cannot believe I manage.."
c4,11,blog post,3,yes,no,no,1414,10,"Below you'll find some great videos that will encourage you, train you and build you up in hearing from GOD and being able to let HIM fulfill HIS plan in your life. SOMETHING NEW THAT WILL HELP YOU HEAR GODS VOICE! How to Understand and Rightly Divide It & How It Applies to Life! In this important t"
c4,12,academic/scientific,1,no,no,no,1171,8,"""Unemployment, Relative Price Dispersion and the Implicit Contract Model."" ""The Federal Reserve&apos;s Preferences for Inflation and Unemployment: An Analysis of Fed Chairmen."" ""Do Presidential Administrations Have Preferred Rates of Unemployment?"" ""The Baseball Writer and The National Baseball Hall"
c4,13,forum post,3,yes,no,no,398,6,I have existing web site brittlloyd.org. I opened a new domain sayrebuildersrockport.com however I don't have a way to start building this new web site online like I do the other one. Please list the steps to take. I see you deleted the domain. Did you no longer want to use it? You can see how to cr
c4,14,product page,3,yes,no,no,223,3,"Embrace world class facilities at East Bourne Resort & Spa Shimla. Facilities at East Bourne Resort & Spa Shimla comprise multi cuisine restaurant, tours and travel desk. Avail facilities of East Bourne Resort & Spa Shimla."
c4,15,blog post,8,yes,no,no,11080,96,"""Bake me a pie or go away,"" I've literally had my son say that to me a few times. So, what was I to do except fulfilling his demand? Baking (not only pies), is a cooking method where tools DO actually make the man, which means that it is very hard or nearly impossible to do it successfully without p"
c4,16,blog post,6,yes,no,no,4218,51,"Are film trailers spoiling movies? In April we asked if high ticket prices were ruining your visits to the cinema. Yes, you said overwhelmingly. But something else has put a strain on my relationship with the cinema – and it’s not the popcorn. Have you ever gone to your local cinema to watch a new f"
c4,17,news article,6,yes,no,no,2164,14,"UNStudio has joined forces with HPP Architects to create a consortium (UNS + HPP) to carry out the next phases of their winning project at the architectural design competition for FOUR Frankfurt. Take a look at the complete story after the jump. From the architects: The centrally located 16,000 squa"
c4,18,news article,6,yes,no,no,1649,11,"▲Students are shouting several slogans to guarantee the school's autonomy in front of Jogyesa Temple. On April 15th, 2016, the General Student Council and Student Council of Postgraduate held the 4.15 Jogye rally. The rally was also held in the last year with the same objectives. Goals of the rally "
c4,19,blog post,7,yes,no,no,7522,83,"Quartz is one of the most common and varied minerals on earth, and its abundant colors produce many gemstone types. Amethyst and Citrine are the most popular and valuable gem varieties of Quartz, but other forms also make important gemstones. Chalcedony describes any form of Quartz that is microcrys"
c4,20,blog post,6,yes,no,no,1144,13,"A full time vegan, poet, artist and woman. Frontal and thorough when inspired. Our memories: childhood memories, the language we dearly speak and nature's colorful and tasteful palette are a constant and renewable source of wonder and inspiration. I am just getting through finishing two special orde"
c4,21,blog post,5,yes,no,no,1027,10,"Hurrah! A cooperative worldwide effort to rescue Thailand children trapped in a flooded cave rescued them all in less than 3 weeks from the time they entered the cave to the time of their rescue. It should be much easier, shouldn’t even take a heroic effort, to rescue children trapped in separation "
c4,22,blog post,4,yes,no,no,1737,14,Learn the fundamentals of Flash as we guide you through this comprehensive introduction to the leading interactive-design program. We will show you how to draw and animate your own graphics. This is the perfect starting point for anyone interested in creating enhanced web output. After we give you a
c4,23,blog post,6,yes,no,no,1026,13,"Earn monthly interest on our Citibank Time Deposits (also known as Fixed Deposits). What's more, you get to enjoy the flexibility of making partial withdrawals before maturity date of your Time Deposit. Partial withdrawals in multiples of RM5,000 before the maturity date. Option to pledge your Time "
c4,24,blog post,6,yes,no,no,1163,18,"What do you do in your free time? Of course some of you ,watch TV or play video games . If it is too boring, would you like to do something more interesting? All of you have wild imagination ,so you can make your own games! Lisa Green ,who's 35 years old ,has been making her own games since she was "
c4,25,product page,3,yes,no,no,1949,17,Locksmith Westington – Putting in place the best of locking and keying services is just one part of the story. However the challenge lies in keeping the locking and keying systems in good condition at all points of time. Without proper maintenance it is quite obvious that the locks and keys would be
c4,26,product page,3,yes,no,no,2055,13,"Movers & Moving Companies in Randallsville, New York for every moving service .: Movers MAX :. Movers MAX Movers Directory is your one-stop source for moving resources. Research your move before making that all-important move. Inside, you will find helpful Randallsville, New York moving guides and m"
c4,27,blog post,4,yes,no,yes,3054,25,"Vashikaran Specialist Chandigarh is a black magic study of attraction, by which you can attract your partner, Girlfriend,Wife, Husband Anything that is living! From ages it’s going in India and everywhere in the world! It’s A Science for Welfare of Mankind. I need to recover its roots, it’s As Simpl"
c4,28,spam/SEO,1,no,no,no,1888,16,"membership fees and with many users renewing their accounts, although the overall share of Internet traffic using online dating services in the.S. Enhanced Performance Those who hv performance issues shall not be consuming soya products as it reduces performance Enhanced Performance Agree lucky. One"
c4,29,forum post,4,yes,no,no,1170,10,"This topic contains 1 reply, has 2 voices. Last updated by Raam Dev 4 years, 11 months ago. I need a solution for a site I’m developing with S2 Members Pro, the issue is the clients run a chain of shops across the UK and a magazine that is subscribed from all over the world. The client wants its cli"
c4,30,blog post,2,partial,no,no,4141,44,"The ebook makes a speciality of geological historical past because the severe think about making a choice on the current biodiversity and landscapes of Amazonia. the various riding mechanisms for panorama evolution are explored through reviewing the historical past of the Amazonian Craton, the linke"
redpajama,0,legal/government,4,partial,no,no,15370,71,Integrated Annual Report of Grupa LOTOS S.A. 2014 Lotos.pl GRI CONTENT INDEX Report's Interactive Search and its Report Key data 2014 Letter from the Chairman of the Supervisory Board Letter from the President of the Board Integrated reporting Membership in organizations Ethics and corporate Approac
redpajama,1,blog post,5,yes,no,no,4359,37,Custom engineering and technical software with an expertise in RF/Microwave applications. Time gate widget multimoded analysis Z0 Renormalization Our Toolchain scikit-rf The Ecosystem Rapid Development with Python 810 Labs; Software Division develops custom engineering and technical software using t
redpajama,2,blog post,5,yes,no,no,1830,26,"DIY: EASY Leather Wrap Charm Bracelets It's DIY time! I don't remember the last time I did a diy post, so I thought I'd do one tonight. It's a super easy cord-wrap-charm-bracelet type jewelry. What I used: I've linked where you can get the supplies, but you can use whatever materials you want to cre"
redpajama,3,product page,4,yes,no,no,2882,17,"Home>Expertise We provide guidance & supports (knowledge & technical) to clients in performing valuation, such as sources of surplus required for year end valuation; as well as perform valuation calculations / validations for a particular external appointed actuary. We provide guidance & supports (k"
redpajama,4,academic/scientific,5,partial,no,no,1340,9,"What is Enterprise Risk Management AERMP partners US center for Risk Management COSO defines ERM as a process, effected by an entity board of directors, management and other personnel, applied in strategy-setting and across the enterprise, designed to identify potential events that may affect the en"
redpajama,5,blog post,5,yes,no,no,1821,10,"‹ a visit to Jumeirah Mosque • Travel for lunch : Mediterranean food in Tempe, Arizona › Monsoon season 2010/08/17 in America Nord, photos, writing | No comments I went down to the coffee shop near my house tonight, and noticed while walking over that the wind was picking up and the air smelled diff"
redpajama,6,blog post,6,yes,no,no,14144,133,"Home / Elections Midterm Elections: Can Dems Win House or Keep Senate? By Jeralyn, Section Elections Posted on Tue Nov 08, 2022 at 04:15:30 PM EST >p> Update 10:24 pm: Congrats to Colorado Governor Jared Polis who won a second term easily tonight. I'm glad to see that Sen. Michael Bennet also won re"
redpajama,7,blog post,5,yes,no,no,15926,173,Discourse 2 – Durood and Salaam Home/Mawaa'iz Volume One/Discourse 2 – Durood and Salaam الحمد لله و كفى و سلام على عباده الذين اصطفى ، أما بعد : It is mentioned in the hadeeth that Allah Ta’ala has commanded a group of angels to disperse on the earth and present the greetings and salutations recite
redpajama,8,blog post,5,yes,no,no,2671,24,"Fred Thompson wins in Staunton Fred Thompson was the winner of a straw poll taken at the Staunton Republican Committee on the evening of January 15. See the Staunton GOP Web site for detailed results. Sadly, it's a moot point, as Thompson withdrew from the Republican primary race yesterday. (The new"
redpajama,9,news article,4,partial,no,no,4210,31,"Producing the Contemporary City 24 May - 2 September 2007 About the IABR PowerNotes PowerNotes #01 Lectures and debates Vedran Mimica on the Biennale Strategies for a Better World Hyper Power: Keller Easterling on Dubai Elia Zenghelis: The ""immeuble-citÃ©"" a strategy for Architecture In her essay in"
redpajama,10,news article,7,yes,no,no,5043,23,"Sinking City: Long Beach Faces Deep Financial Troubles by Spencer Rumsey on April 12, 2012 From the sixth floor windows of Long Beach’s embattled city hall, the panorama is spectacular, especially on a cloudless, windless twilight evening when the Atlantic is turning deep purple as a freighter is ch"
redpajama,11,blog post,4,yes,no,no,2277,33,"Deep Frying Cock at Monsoon Cafe in Tokyo I know that teasing a non-native speaker about spelling is the lowest form of humor, but sometimes you just have to do it in the name of common decency. Particularly when it's a very successful restaurant chain like Monsoon Cafe. C'mon guys -- it would have "
redpajama,12,blog post,4,yes,no,no,3087,21,"A Day In The Life Of An Insurance Collision Appraiser Common Car Accident Appraisals Most Common Types of Car Accidents You’ll See as an Auto Appraiser Assessing damage from car accidents on a daily basis, an auto appraiser who’s new to the field will quickly see that some types of crashes and colli"
redpajama,13,forum post,5,partial,no,no,9734,85,"6.09 - Whoever Shot Poor George Oblique Stroke XR40? The Avengers International Fan Forum Forum Index -> Series 6 - Tara Rate 'Whoever Shot Poor George Oblique Stroke XR40?' Total Votes : 16 Location: MACS0647-JD Posted: Sat Sep 14, 2013 8:52 am Post subject: 6.09 - Whoever Shot Poor George Oblique "
redpajama,14,news article,6,yes,no,no,607,5,"Cheesecake Energy Cheesecake Energy is developing advanced thermal and compressed air energy systems to store energy from intermittent renewables, turning them into reliable power on-demand. Cheesecake Energy has patent-pending technology that stores compressed air and heat cost-effectively. With a "
redpajama,15,blog post,5,yes,no,no,2041,20,"Coming up: a radio discussion of “Killing for Love” March 2, 2018 Bill Sizemore 2 Comments I’ll be going on the radio to talk about the upcoming Norfolk screening of Killing for Love, the award-winning documentary about the Haysom/Soering murder case. Listen for my discussion with Cathy Lewis, host "
redpajama,16,blog post,6,yes,no,no,9704,119,"Egypt, 1/11/04 The 8th journal entry from my trip to Egypt in 2004. The 9th was not so much fun -- I was sick all day and did little more than nap in our room, eat a couple of bananas, and finally one last amazing Siwan outing. We walked to the hill of the dead and looked at the beautiful sights. We"
redpajama,17,error/stub,1,no,no,no,204,2,"Open the blackhole.xerces.com home page, then try to open another page. The blackhole.xerces.com forum technical staff have been notified of the error, though you may contact them if the problem persists."
redpajama,18,academic/scientific,5,yes,yes,no,3856,28,"UCL CBT March Research Newsletter By Nikhil VadgamaMarch 14, 2020Research Newsletters, updates Call for Papers – 2020 Crypto Valley Conference Dr. Paolo Tasca, the Executive Director of UCL CBT, will be chairing the “Economic and Financial Track” of the 2020 Crypto Valley Conference, to be held on 1"
redpajama,19,news article,4,yes,yes,no,1880,17,Committee / Managers Hurling Teams Individual Players Total Honours Club Raffle The club raffle for 2 All-Ireland Football Final tickets and €300 took place this evening in Minnies. Breda Power was the lucky winner. The ticket was sold by Pa McGovern. Thanks to all who bought and sold tickets. Your 
redpajama,20,blog post,4,partial,no,no,691,9,Merry Christmas to our readers! Merry Christmas and Happy Holidays to all our users. Thank you for using our site it always makes us happy to hear from you during these festive days. Thank you Jean for your kind words we will continue our efforts next year. Here is what Jean said – Your site has the
redpajama,21,blog post,4,yes,no,no,230,1,"My idea of Minoan Temple Dance Thanks to Full Circle News there was a time in history, a long time ago, when the bounce and sway of a woman’s hips was considered so beautiful that they set it to music and made a dance out of it..."
redpajama,22,blog post,5,yes,no,no,2543,20,"A Cheaper, Greener Alternative to Do-A-Dot Markers I don't know if you keep up with what's new in the crafty world, but Do-a-Dot Markers are a thing, especially amongst the under ten set. They come in an array of colors: And there are even Do-a-Dot activities that your kid can complete with the mark"
redpajama,23,product page,3,partial,no,no,1259,5,"Home/Industrial Applications Industrial Applicationsalex.ivanenko2018-08-07T13:32:15+01:00 Industrial applications stand out from the other software solutions because of the following distinct features they possess: closeness to hardware and embedded software; intensive usage, often 24/7, with a req"
redpajama,24,blog post,5,yes,no,no,1178,11,"New Bike - Soon Monday, March 23, 2009, 22:03 - personal I look to upgrade from my $125 Sears bike that I bought in 1996. It has served me well and I will keep it as a backup. I test-rode a Trek 3900 the other day and it was nice and I may buy one. Other models I am considering are the Cannondale F9"
redpajama,25,blog post,5,yes,no,no,2509,24,"Burke Behind-the-Scenes, Training Future Museologists Posted by: Nicole Robert, Communications If you’ve been reading this blog, you know that there are many exciting things that go on at the Burke, often behind the scenes. One of the great programs housed here is the Museology Masters of Arts progr"
redpajama,26,spam/SEO,2,partial,no,yes,8344,62,"Choosing the proper colours, layout, fonts and shapes are key to making sure your soccer emblem rises above opponents. Cash out option has now turn into an everyday function for most online bookmakers, permitting bettors extra control over their wagers. It can be used from the second you place your "
redpajama,27,academic/scientific,5,yes,no,no,3557,22,"You are here: Home / CBDMH Blog / Challenges of Interdisciplinary Research / Madness or sadness? Local concepts of mental illness in four conflict-affected... Madness or sadness? Local concepts of mental illness in four conflict-affected African communities (Abstract) February 21, 2013 /in Challenge"
redpajama,28,academic/scientific,6,partial,no,no,2083,25,"CCCC > Archive > 2008, Volume 73 > Issue 4 > p. 558 Cited by 6 articles Collect. Czech. Chem. Commun. 2008, 73, 558-574 Contact Value Formulae for the Density Profiles of the Electric Double Layer Douglas J. Hendersona and Lutful B. Bhuiyanb,* a Department of Chemistry and Biochemistry, Brigham Youn"
redpajama,29,blog post,7,yes,no,no,3193,42,"Why do Cyclists Shave their Legs? I was sitting in a meeting yesterday, with the bottom of my pants riding up above my ankle exposing my bare leg, when a woman (and friend) I work with said, ""Do you shave your legs?"". To that question my first reaction was one of embarrassment. My first words were, "
redpajama,30,news article,4,partial,no,no,896,4,"Tag archives for egg plants Field, Open Days at FUNAAB The Department of Pure and Applied Botany (PAB), College of Biosciences (COLBIOS), has held its first Field Day workshop tagged, “Growing Greens: Essential for Healthy Living”, to sensitise members of the University community and the general pub"
